20,No matter what I do Ubuntu 15.04 does not recognize HP LaserJet 1020
29,How do I install drivers for the Panasonic MB1900CX All-in-One Printer/Scanner?
30,Installing EPSON L355 on Ubuntu 14.04
41,Install printer Lexmark X4690 (ubuntu 12.04)
43,How to add a network printer on Ubuntu 15.10?
47,Install Canon MP560 Ubuntu 15.04
64,How can I install a Pantum 2502W laser printer on Ubuntu
69,How to Install a Canon MF8040Cn Printer on Ubuntu 12.04
72,How to setup wireless printing from a printer connected via usb on Ubuntu Server 12.10?
78,How do I setup my HP C4140 printer wirelessly?
83,How Do I Install Canon MF8000C Printer in Ubuntu 15.10?
87,How To Install Canon LBP2900B printer in 14.04 LTS ? I tried the method for LBP2900 but it didnt work
93,How do I install drivers for a Konica Minolta 200?
98,How to Install Brother DCP-8110DN Laser Printer on Ubuntu?
107,Installing Epson XP-424 wireless printer
112,Cannot setup HP All in one DJ3630
118,Cannot install printer driver epson l210
121,How do I install Dell 2150cdn printer
137,How to setup HP printer/scanner on ubuntu?
139,How to install a Lexmark z600 series printer?
140,How to install a Brother MFC-5890CN network printer?
145,How to install Canon LBP330 in Lts 16.04
147,How do I install the HP F4280 printer?
